{
    "name": "SAM40_Y&R",
    "vendorId": "0xAA96",
    "productId": "0xAA84",
    "lighting": "none",
    "matrix": {
        "rows": 4,
        "cols": 13
    },
    "layouts": {
        "keymap": [
            [
                {
                    "c": "#777777"
                },
                "0,0",
                {
                    "c": "#cccccc"
                },
                "0,1",
                "0,2",
                "0,3",
                "0,4",
                "0,5",
                "0,6",
                "0,7",
                "0,8",
                "0,9",
                "0,10",
                "0,11",
                "0,12"
            ],
            [
                {
                    "w": 1.25
                },
                "1,0",
                "1,1",
                "1,2",
                "1,3",
                "1,4",
                "1,5",
                "1,6",
                "1,7",
                "1,8",
                "1,9",
                {
                    "c": "#777777",
                    "w": 1.75
                },
                "1,10",
                {
                    "c": "#cccccc"
                },
                "1,11"
            ],
            [
                {
                    "w": 1.75
                },
                "2,0",
                "2,1",
                "2,2",
                "2,3",
                "2,4",
                "2,5",
                "2,6",
                "2,7",
                "2,8",
                {
                    "w": 1.25
                },
                "2,9\n.",
                "2,10",
                "2,11"
            ],
            [
                {
                    "w": 1.25
                },
                "3,0",
                "3,1",
                {
                    "w": 1.25
                },
                "3,2",
                {
                    "w": 2.75
                },
                "3,3",
                {
                    "w": 2.25
                },
                "3,6",
                "3,8",
                {
                    "x": 0.5
                },
                "3,9",
                "3,10",
                "3,11"
            ]
        ]
    }
}
